DatetimeCreated,DatetimeModified,Filename,Foldername,SizeInBytes
2025-08-04 10:26:29,2025-08-04 10:26:29,.DS_Store,T,10244
2025-04-29 16:50:03,2025-04-29 16:48:58,"Shree Saibaba Sansthan Trust, Shirdi(Offical Booking Portal).pdf",T,131804
2025-04-29 16:49:57,2021-10-08 12:17:51,Doc1.docx,T,1334913
2025-05-15 19:55:18,2025-05-15 10:45:40,multi_cloud_compliance_dashboard.drawio,T,4375
2025-04-29 16:49:57,2021-10-01 18:41:26,IMG_1083.MOV,T,73053781
2025-04-29 16:49:57,2021-10-01 18:51:59,IMG_1732.MOV,T,109410279
2025-04-29 16:49:57,2021-10-11 18:24:49,Statistics+-+PDF+with+Excel+Solutions+that+don't+visualize+properly.pdf,T,296055
2025-04-29 16:49:57,2021-10-01 18:43:54,IMG_1734.MOV,T,54602223
2025-04-29 16:49:57,2021-09-07 13:06:54,youtube-dl.exe,T,8173621
2025-05-29 22:18:43,2025-05-24 09:22:54,0806637e-c0ce-418d-a617-82e2c2b03702.csv,T,125595
2025-04-29 16:49:57,2021-10-07 22:51:52,Course+Notes+-+Combinatorics.pdf,T,231543
2025-04-29 16:49:57,2021-10-01 18:46:34,IMG_1734.mp4,T,54602223
2025-06-13 14:28:34,2024-10-20 23:24:01,NetflixViewingHistory.csv,To Be Sorted From Home Computer,1949
2025-06-13 14:28:34,2025-03-01 10:30:47,Nagendra Driving License Front.jpg,To Be Sorted From Home Computer,106096
2025-06-13 14:28:34,2025-01-10 18:50:52,677c11796f149-1736184185.pdf,To Be Sorted From Home Computer,804002
2025-06-13 14:28:34,2024-09-18 00:28:43,NIFTY 50-18-09-2023-to-18-09-2024.csv,To Be Sorted From Home Computer,16019
2025-06-13 14:28:34,2025-01-10 18:53:40,677d34de07360-1736258782.pdf,To Be Sorted From Home Computer,4176199
2025-06-13 14:28:34,2024-09-27 09:42:42,MSFT Share Price Joined 52 Left 430.png,To Be Sorted From Home Computer,23904
2025-08-04 10:26:29,2025-08-04 10:26:29,.DS_Store,To Be Sorted From Home Computer,8196
2025-06-13 14:28:34,2024-09-20 22:27:15,_indian_premier_league_.html,To Be Sorted From Home Computer,85932
2025-06-13 14:28:34,2024-12-21 10:32:08,Ravichandran Ashwin All Test Wickets.mp4,To Be Sorted From Home Computer,2826403486
2025-06-13 14:28:34,2024-12-24 15:23:54,clean-architecture.zip,To Be Sorted From Home Computer,79760
2025-06-13 14:28:34,2024-09-20 22:48:34,Indian Premier League Trophy team series results _ ESPNcricinfo.html,To Be Sorted From Home Computer,280355
2025-06-13 14:28:34,2025-01-15 16:30:10,DB.Browser.for.SQLite-3.9.0-win64.exe,To Be Sorted From Home Computer,15929952
2025-06-13 14:28:34,2025-02-03 23:20:08,Inspirational speech by Shankar Nag.mp4,To Be Sorted From Home Computer,19749610
2025-06-13 14:28:34,2024-09-17 21:28:33,GXreh_CaMAAE6tb.jpg,To Be Sorted From Home Computer,443815
2025-06-13 14:28:34,2025-01-20 18:28:43,Rajani_P001_PaymentReceipt_67457072_.pdf,To Be Sorted From Home Computer,177923
2025-06-13 14:28:34,2025-01-10 16:16:17,प्रथम-द्वितीय-तृतीय-प्रदत्तकार्याणां विषये सूचना P001.pdf,To Be Sorted From Home Computer,149820
2025-06-13 14:28:34,2025-01-06 23:12:57,Loretta-Graziano-Breuning-Habits-of-a-Happy-Brain-Adams-Media-2016.pdf,To Be Sorted From Home Computer,1176427
2025-06-13 14:28:34,2024-12-25 06:25:15,Get in Shape Without Any Equipment (3).pdf,To Be Sorted From Home Computer,5596019
2025-06-13 14:28:34,2025-03-15 12:05:53,intralinks latest.docx,To Be Sorted From Home Computer,5502976
2025-06-13 14:28:34,2025-03-05 23:44:14,KannadaSongsForMemorize.docx,To Be Sorted From Home Computer,1265967
2025-06-13 14:28:34,2025-03-15 13:29:24,optum docs.rar,To Be Sorted From Home Computer,3923653
2025-06-13 14:28:34,2025-02-26 10:28:03,Nagendra S Resume 2025.pdf,To Be Sorted From Home Computer,263152
2025-06-13 14:28:34,2025-03-07 23:38:56,MSFT.xlsx,To Be Sorted From Home Computer,9646
2025-06-13 14:28:34,2025-01-29 21:02:29,Financial_Plan_India_40Years.xlsx,To Be Sorted From Home Computer,7974
2025-06-13 14:28:34,2025-03-01 10:28:33,Nagendra Driving License.jpg,To Be Sorted From Home Computer,82251
2025-06-13 14:28:34,2024-12-27 21:51:00,MSFT_850353__22531018_93ea3cd7-31fe-4428-b6ad-1067544cace8.pdf,To Be Sorted From Home Computer,47993
2025-06-13 14:28:34,2025-03-06 07:42:05,Review and Submit.pdf,To Be Sorted From Home Computer,248615
2025-06-13 14:28:34,2025-03-12 13:35:09,Fitbit DailyLog Charts.xlsx,To Be Sorted From Home Computer,1823459
2025-06-13 14:28:34,2025-01-10 18:54:57,677c06d1c26b1-1736181457.pdf,To Be Sorted From Home Computer,338939
2025-06-13 14:28:34,2024-12-09 07:52:14,Evolve Your Brain The Science of Changing Your Mind.pdf,To Be Sorted From Home Computer,3764769
2025-06-13 14:28:34,2024-09-17 21:30:40,GXreiFibsAADKxK.jpg,To Be Sorted From Home Computer,394814
2025-06-13 14:28:34,2025-01-07 23:24:31,1 - Introduction.mp4,To Be Sorted From Home Computer,29545335
2025-06-13 14:28:34,2025-03-04 17:50:37,janumada jodi .html,To Be Sorted From Home Computer,8512
2025-06-13 14:29:00,2025-03-11 13:02:23,User Manual.pdf,optum docs,997161
2025-06-13 14:29:00,2025-03-15 11:48:08,APHYD00356040000008333_2024.pdf,optum docs,155838
2025-06-13 14:29:00,2025-03-06 12:13:21,08 Microsoft Relieving Letter Nagendra Subramanya.pdf,optum docs,221157
2025-06-13 14:29:00,2025-03-15 11:54:20,Joining Documents.txt,optum docs,658
2025-06-13 14:29:00,2025-03-11 13:10:45,Nagendra Subramanya - Signed OFFER LETTER.pdf,optum docs,362793
2025-06-13 14:29:00,2025-03-15 11:26:34,01 EAadhaar_2086160400120320211124163517_1503202511254.pdf,optum docs,1296217
2025-06-13 14:29:00,2025-03-05 13:34:01,01 Nagendra Subramanya AADHAR LATEST.pdf,optum docs,187475
2025-06-13 14:29:00,2019-05-06 16:37:45,03 Nagendra New passport back.pdf,optum docs,152081
2025-06-13 14:29:00,2012-01-20 08:29:52,02 Nagendra Subramanya PAN CARD.pdf,optum docs,167427
2025-06-13 14:29:00,2025-03-15 11:45:16,04 UAN CARD epfo.pdf,optum docs,159623
2025-06-13 14:29:00,2025-03-06 12:08:17,07 BITS PILANI WILP Nagendra S.pdf,optum docs,493277
2025-06-13 14:29:00,2025-03-07 20:21:37,attachment.pdf,optum docs,360393
2025-06-13 14:29:00,2019-05-06 16:36:46,03 Nagendra New passport front.pdf,optum docs,196867
2025-06-13 14:29:00,2025-03-07 20:21:48,USER MANUAL-E-SIGN OF OFFER LETTER.pdf,optum docs,853379
2025-08-04 10:30:04,2025-03-06 12:06:47,BITS PILANI Nagendra S.docx,Microsoft ALL IN ONE,0
2025-08-04 10:30:04,2025-03-05 14:09:33,OPTUM Required Documents.txt,Microsoft ALL IN ONE,1370
2025-08-04 10:30:04,2025-03-06 11:39:54,BITS PILANI Degree Certificate 2.jpg,Microsoft ALL IN ONE,90347
2025-08-04 10:30:04,2025-03-05 13:46:19,07 Nagendra Passport Size Photo.jpg,Microsoft ALL IN ONE,46933
2025-08-04 10:30:04,2019-05-06 16:37:45,04 Nagendra New passport back.pdf,Microsoft ALL IN ONE,152081
2025-08-04 10:30:04,2025-03-04 09:49:18,09 2024 2025 AllInOne Regular Payslips.pdf,Microsoft ALL IN ONE,62119
2025-08-04 10:30:04,2019-05-06 16:36:46,04 Nagendra New passport front.pdf,Microsoft ALL IN ONE,196867
2025-08-04 10:30:04,2025-03-06 12:07:58,BITS PILANI WILP Nagendra S.docx,Microsoft ALL IN ONE,310132
2025-08-04 10:30:04,2025-03-05 14:10:03,Microsoft ALL IN ONE.rar,Microsoft ALL IN ONE,1135592
2025-08-04 10:30:04,2025-03-06 07:41:44,UHCP OPTUM Hiring Submission.pdf,Microsoft ALL IN ONE,1352378
2025-08-04 10:30:04,2025-03-05 13:34:01,03 Nagendra Subramanya AADHAR LATEST.pdf,Microsoft ALL IN ONE,187475
2025-08-04 10:30:04,2025-03-04 09:16:14,Releiving Letter.txt,Microsoft ALL IN ONE,6
2025-08-04 10:30:04,2012-01-20 08:29:52,02 Nagendra Subramanya PAN CARD.pdf,Microsoft ALL IN ONE,167427
2025-08-04 10:30:04,2025-03-05 13:51:40,05 Nagendra S Resume 2025.pdf,Microsoft ALL IN ONE,275376
2025-08-04 10:30:04,2025-03-06 12:13:05,Microsoft Relieving Letter NO PASSWORD.docx,Microsoft ALL IN ONE,63272
2025-08-04 10:30:04,2025-03-05 14:10:20,Nagendra Subramanya OPTUM Required Docs.zip,Microsoft ALL IN ONE,1138798
2025-08-04 10:30:04,2025-03-06 11:41:13,BITS PILANI Degree Certificate.jpg,Microsoft ALL IN ONE,96375
2025-08-04 10:30:04,2025-03-05 13:55:48,08 Microsoft Latest Salary Structure.pdf,Microsoft ALL IN ONE,155148
2025-08-04 10:30:04,2025-03-06 12:08:17,BITS PILANI WILP Nagendra S.pdf,Microsoft ALL IN ONE,493277
2025-08-04 10:30:04,2025-03-06 12:05:34,UnsignedDocument.pdf,Microsoft ALL IN ONE,36592
2025-08-04 10:30:04,2025-03-06 11:34:46,BITS Transcript.jpg,Microsoft ALL IN ONE,111145
2025-08-04 10:30:04,2025-03-06 12:13:21,Microsoft Relieving Letter Nagendra Subramanya.pdf,Microsoft ALL IN ONE,221157
2025-08-04 10:30:04,2025-03-04 09:15:50,Nagendra Subramanya_Relieving Letter.pdf,Microsoft ALL IN ONE,154289
2025-08-04 10:30:05,2013-05-18 16:42:10,2000 SSLC Marks Card.pdf,all Marks Cards,579127
2025-08-04 10:30:05,2013-05-18 16:50:28,2003 1st Sem.pdf,all Marks Cards,592463
2025-08-04 10:30:05,2013-05-18 17:08:10,2006 degree rank certificate.pdf,all Marks Cards,336504
2025-08-04 10:30:05,2013-05-18 16:43:30,2002 PUC Marks Card.pdf,all Marks Cards,852173
2025-08-04 10:30:05,2013-05-18 16:57:04,2005 6th Sem.pdf,all Marks Cards,710795
2025-08-04 10:30:05,2013-05-18 16:44:52,2006 Degree Certificate.pdf,all Marks Cards,330951
2025-08-04 10:30:05,2013-05-18 16:58:02,2006 7th Sem.pdf,all Marks Cards,674986
2025-08-04 10:30:05,2013-05-18 16:55:10,2004 4th Sem.pdf,all Marks Cards,746675
2025-08-04 10:30:05,2013-05-18 16:56:06,2005 5th Sem.pdf,all Marks Cards,737492
2025-08-04 10:30:05,2013-05-18 16:53:58,2004 3rd Sem.pdf,all Marks Cards,689415
2025-08-04 10:30:05,2013-05-18 16:52:52,2003 2nd Sem.pdf,all Marks Cards,696869
2025-08-04 10:30:05,2013-05-18 16:48:20,2002 PUC Certificate Back.pdf,all Marks Cards,386522
2025-08-04 10:30:05,2013-05-18 16:45:44,2006 Degree Certificate Back.pdf,all Marks Cards,310648
2025-08-04 10:30:05,2013-05-18 17:06:24,2006 8th Sem.pdf,all Marks Cards,716497
2025-08-04 10:30:05,2024-09-24 15:02:00,EXISTING_SALARY_STRUCTURE.pdf,Not wanted,70601
2025-08-04 10:30:05,2025-03-06 11:32:18,BITS Final Certificate 2.jpg,Not wanted,184125
2025-08-04 10:30:05,2025-03-05 13:54:43,EXISITING_SALARY.docx,Not wanted,161992
2025-08-04 10:30:05,2025-03-05 13:51:09,Nagendra S Resume 2025.docx,Not wanted,72505
2025-08-04 10:30:05,2025-03-06 11:32:18,BITS Final Certificate.jpg,Not wanted,143865
2025-08-04 10:30:05,2024-09-23 17:17:56,Nagendra AADHAR LATEST 2024.docx,Not wanted,564993
2025-08-04 10:30:05,2025-03-06 11:32:17,BITS Transcript.jpg,Not wanted,107665
2025-08-04 10:30:06,2024-09-20 22:47:58,_app-fa4f0cf532b8aebf306e.js.download,Indian Premier League Trophy team series results _ ESPNcricinfo_files,1073646
2025-08-04 10:30:06,2024-09-20 22:48:34,usync.js.download,Indian Premier League Trophy team series results _ ESPNcricinfo_files,43566
2025-08-04 10:30:06,2024-09-20 22:48:10,f(3).txt,Indian Premier League Trophy team series results _ ESPNcricinfo_files,211907
2025-08-04 10:30:06,2024-09-20 22:47:56,webpack-b4e298433272688a8f11.js.download,Indian Premier League Trophy team series results _ ESPNcricinfo_files,9066
2025-08-04 10:30:07,2024-09-20 22:48:00,6488-6281ab7a639aa084c8cd.js.download,Indian Premier League Trophy team series results _ ESPNcricinfo_files,36705
2025-08-04 10:30:07,2024-09-20 22:47:59,3558-694e80e759ef51a66d15.js.download,Indian Premier League Trophy team series results _ ESPNcricinfo_files,12516
2025-08-04 10:30:06,2024-09-20 22:48:08,n.js.download,Indian Premier League Trophy team series results _ ESPNcricinfo_files,59
2025-08-04 10:30:06,2024-09-20 22:48:08,chartbeat.js.download,Indian Premier League Trophy team series results _ ESPNcricinfo_files,39061
2025-08-04 10:30:06,2024-09-20 22:48:34,saved_resource(4).html,Indian Premier League Trophy team series results _ ESPNcricinfo_files,149
2025-08-04 10:30:07,2024-09-20 22:47:52,0eec2cf51795cc96266138182f677e2f.js.download,Indian Premier League Trophy team series results _ ESPNcricinfo_files,538
2025-08-04 10:30:06,2024-09-20 22:48:35,usync.html,Indian Premier League Trophy team series results _ ESPNcricinfo_files,419
2025-08-04 10:30:06,2024-09-20 22:48:12,moatad(1).js.download,Indian Premier League Trophy team series results _ ESPNcricinfo_files,349384
2025-08-04 10:30:06,2024-09-20 22:48:35,reach_worklet.html,Indian Premier League Trophy team series results _ ESPNcricinfo_files,553
2025-08-04 10:30:07,2024-09-20 22:47:56,37.081ecad18ac2ff84e5a8.js.download,Indian Premier League Trophy team series results _ ESPNcricinfo_files,15946
2025-08-04 10:30:06,2024-09-20 22:48:09,f(2).txt,Indian Premier League Trophy team series results _ ESPNcricinfo_files,2690
2025-08-04 10:30:06,2024-09-20 22:47:55,CiLanguageEnglish.4b9f543a231e3b745bcf.js.download,Indian Premier League Trophy team series results _ ESPNcricinfo_files,1575
2025-08-04 10:30:07,2024-09-20 22:47:54,2dd2d01689d3388364dbd0f04145c131.js.download,Indian Premier League Trophy team series results _ ESPNcricinfo_files,318907
2025-08-04 10:30:06,2024-09-20 22:48:34,saved_resource(2).html,Indian Premier League Trophy team series results _ ESPNcricinfo_files,149
2025-08-04 10:30:07,2024-09-20 22:48:00,6154-fbe721f892eb53406e47.js.download,Indian Premier League Trophy team series results _ ESPNcricinfo_files,21962
2025-08-04 10:30:07,2024-09-20 22:48:33,async_usersync,Indian Premier League Trophy team series results _ ESPNcricinfo_files,0
2025-08-04 10:30:06,2024-09-20 22:47:54,serverComponent.php,Indian Premier League Trophy team series results _ ESPNcricinfo_files,581
2025-08-04 10:30:06,2024-09-20 22:48:09,paho-mqtt-1.0.3.min.js.download,Indian Premier League Trophy team series results _ ESPNcricinfo_files,34055
2025-08-04 10:30:06,2024-09-20 22:47:55,polyfills-a40ef1678bae11e696dba45124eadd70.js.download,Indian Premier League Trophy team series results _ ESPNcricinfo_files,91434
2025-08-04 10:30:06,2024-09-20 22:48:01,_ssgManifest.js.download,Indian Premier League Trophy team series results _ ESPNcricinfo_files,77
2025-08-04 10:30:06,2024-09-20 22:48:35,topics_frame.html,Indian Premier League Trophy team series results _ ESPNcricinfo_files,108470
2025-08-04 10:30:06,2024-09-20 22:48:01,CiRecordGroupResultsPage-3da7b425ebc1ba6d6e8f.js.download,Indian Premier League Trophy team series results _ ESPNcricinfo_files,7301
2025-08-04 10:30:06,2024-09-20 22:47:57,framework-9f4513c321d3052d6c6f.js.download,Indian Premier League Trophy team series results _ ESPNcricinfo_files,131679
2025-08-04 10:30:07,2024-09-20 22:47:59,6514-2b7a792b354cc73e6632.js.download,Indian Premier League Trophy team series results _ ESPNcricinfo_files,15104
2025-08-04 10:30:07,2024-09-20 22:47:59,3355-a319aec877491792b5bc.js.download,Indian Premier League Trophy team series results _ ESPNcricinfo_files,9316
2025-08-04 10:30:06,2024-09-20 22:48:34,f(4).txt,Indian Premier League Trophy team series results _ ESPNcricinfo_files,198506
2025-08-04 10:30:06,2024-09-20 22:48:34,saved_resource(3).html,Indian Premier League Trophy team series results _ ESPNcricinfo_files,149
2025-08-04 10:30:06,2024-09-20 22:47:57,main-1cfdabd6dcfbbd80966b.js.download,Indian Premier League Trophy team series results _ ESPNcricinfo_files,78106
2025-08-04 10:30:06,2024-09-20 22:48:07,moatheader.js.download,Indian Premier League Trophy team series results _ ESPNcricinfo_files,228988
2025-08-04 10:30:06,2024-09-20 22:48:34,saved_resource(1).html,Indian Premier League Trophy team series results _ ESPNcricinfo_files,52751
2025-08-04 10:30:07,2024-09-20 22:48:04,a,Indian Premier League Trophy team series results _ ESPNcricinfo_files,318
2025-08-04 10:30:07,2024-09-20 22:47:55,07188ea7850121c09492.css,Indian Premier League Trophy team series results _ ESPNcricinfo_files,203858
2025-08-04 10:30:06,2024-09-20 22:48:35,ls.html,Indian Premier League Trophy team series results _ ESPNcricinfo_files,12232
2025-08-04 10:30:07,2024-09-20 22:48:11,6517498672023178052,Indian Premier League Trophy team series results _ ESPNcricinfo_files,81168
2025-08-04 10:30:06,2024-09-20 22:48:09,ii.js.download,Indian Premier League Trophy team series results _ ESPNcricinfo_files,131
2025-08-04 10:30:06,2024-09-20 22:48:07,v2,Indian Premier League Trophy team series results _ ESPNcricinfo_files,342
2025-08-04 10:30:06,2024-09-20 22:48:03,omniture-visitor-2.23.0.js.download,Indian Premier League Trophy team series results _ ESPNcricinfo_files,60107
2025-08-04 10:30:06,2024-09-20 22:48:12,sodar,Indian Premier League Trophy team series results _ ESPNcricinfo_files,0
2025-08-04 10:30:06,2024-09-20 22:48:01,_buildManifest.js.download,Indian Premier League Trophy team series results _ ESPNcricinfo_files,25707
2025-08-04 10:30:07,2024-09-20 22:47:58,9458-58ac7e152fcbf4210f8d.js.download,Indian Premier League Trophy team series results _ ESPNcricinfo_files,14341
2025-08-04 10:30:06,2024-09-20 22:48:04,clevertap.min.js.download,Indian Premier League Trophy team series results _ ESPNcricinfo_files,130232
2025-08-04 10:30:07,2024-09-20 22:48:05,5fbc0ff32ea96e1471d342a6ea8597d908d377554a0d896b7ed14178ebb5c3e6,Indian Premier League Trophy team series results _ ESPNcricinfo_files,468961
2025-08-04 10:30:06,2024-09-20 22:48:05,logo.png,Indian Premier League Trophy team series results _ ESPNcricinfo_files,1235
2025-08-04 10:30:07,2024-09-20 22:48:09,17184288756690008016,Indian Premier League Trophy team series results _ ESPNcricinfo_files,89514
2025-08-04 10:30:07,2024-09-20 22:47:52,889cac7ad7551ead0393afc9b1f8b4ca.js.download,Indian Premier League Trophy team series results _ ESPNcricinfo_files,21066
2025-08-04 10:30:06,2024-09-20 22:48:06,prebid4.30.0.js.download,Indian Premier League Trophy team series results _ ESPNcricinfo_files,225454
2025-08-04 10:30:07,2024-09-20 22:48:03,21783347309,Indian Premier League Trophy team series results _ ESPNcricinfo_files,27006
2025-08-04 10:30:06,2024-09-20 22:47:50,nlsSDK600.bundle.min.js.download,Indian Premier League Trophy team series results _ ESPNcricinfo_files,203596
2025-08-04 10:30:06,2024-09-20 22:48:02,f.txt,Indian Premier League Trophy team series results _ ESPNcricinfo_files,490086
2025-08-04 10:30:07,2024-09-20 22:47:58,2579-0c6070ee6815cd646190.js.download,Indian Premier League Trophy team series results _ ESPNcricinfo_files,38433
2025-08-04 10:30:07,2024-09-20 22:48:35,aframe.html,Indian Premier League Trophy team series results _ ESPNcricinfo_files,902
2025-08-04 10:30:06,2024-09-20 22:48:11,moatad.js.download,Indian Premier League Trophy team series results _ ESPNcricinfo_files,349384
2025-08-04 10:30:06,2024-09-20 22:48:35,showad.html,Indian Premier League Trophy team series results _ ESPNcricinfo_files,39754
2025-08-04 10:30:06,2024-09-20 22:48:05,f(1).txt,Indian Premier League Trophy team series results _ ESPNcricinfo_files,109742
2025-08-04 10:30:06,2024-09-20 22:48:35,async_usersync.html,Indian Premier League Trophy team series results _ ESPNcricinfo_files,53325
2025-08-04 10:30:06,2024-09-20 22:48:03,omniture-2.23.0.js.download,Indian Premier League Trophy team series results _ ESPNcricinfo_files,42576
2025-08-04 10:30:06,2024-09-20 22:48:34,saved_resource.html,Indian Premier League Trophy team series results _ ESPNcricinfo_files,52699
2025-08-04 10:30:06,2024-09-20 22:47:51,PED8CDAC2-F114-41BE-8B98-AFA06FAEA06E.js.download,Indian Premier League Trophy team series results _ ESPNcricinfo_files,28631
2025-08-04 10:30:06,2024-09-20 22:48:35,reach_worklet(1).html,Indian Premier League Trophy team series results _ ESPNcricinfo_files,553
2025-08-04 10:30:07,2024-09-20 22:47:59,2415-2b303d38b0c83dc75bea.js.download,Indian Premier League Trophy team series results _ ESPNcricinfo_files,9380
2025-08-04 10:30:06,2024-09-20 22:47:54,ed9cc89e72efe4115d590b2b9169c222.js.download,Indian Premier League Trophy team series results _ ESPNcricinfo_files,1197
2025-06-13 14:28:55,2025-03-15 18:26:17,30 Days Data Analysis Right Way Twitter.docx,DataAnalysis,6397101
2025-08-04 10:30:09,2025-01-03 17:52:30,IMG-20230924-WA0003.jpg,WhatsApp Chat with Self,181645
2025-08-04 10:30:08,2025-01-03 17:52:30,VID-20241226-WA0001.mp4,WhatsApp Chat with Self,4008665
2025-08-04 10:30:09,2025-01-03 17:52:30,IMG-20230924-WA0002.jpg,WhatsApp Chat with Self,147100
2025-08-04 10:30:09,2025-01-03 17:52:30,IMG-20230821-WA0000.jpg,WhatsApp Chat with Self,105817
2025-08-04 10:30:09,2025-01-03 17:52:30,IMG-20231108-WA0000.jpg,WhatsApp Chat with Self,42660
2025-08-04 10:30:09,2025-01-03 17:52:30,IMG-20240603-WA0004.jpg,WhatsApp Chat with Self,146407
2025-08-04 10:30:09,2025-01-03 17:52:30,IMG-20240128-WA0005.jpg,WhatsApp Chat with Self,103196
2025-08-04 10:30:09,2025-01-03 17:52:30,IMG-20241123-WA0003.jpg,WhatsApp Chat with Self,24586
2025-08-04 10:30:09,2025-01-03 17:52:30,IMG-20230924-WA0005.jpg,WhatsApp Chat with Self,196300
2025-08-04 10:30:09,2025-01-03 17:52:30,IMG-20230924-WA0004.jpg,WhatsApp Chat with Self,197687
2025-08-04 10:30:09,2025-01-03 17:52:30,IMG-20240606-WA0004.jpg,WhatsApp Chat with Self,124309
2025-08-04 10:30:09,2025-01-03 17:52:30,IMG-20230612-WA0003.jpg,WhatsApp Chat with Self,94659
2025-08-04 10:30:09,2025-01-03 17:52:30,IMG-20240128-WA0003.jpg,WhatsApp Chat with Self,75434
2025-08-04 10:30:08,2025-01-03 18:11:01,WhatsApp Chat with Self.txt,WhatsApp Chat with Self,194304
2025-08-04 10:30:09,2025-01-03 17:52:30,IMG-20231110-WA0008.jpg,WhatsApp Chat with Self,93199
2025-08-04 10:30:09,2025-01-03 17:52:30,IMG-20240630-WA0018.jpg,WhatsApp Chat with Self,351335
2025-08-04 10:30:09,2025-01-03 17:52:30,IMG-20240630-WA0019.jpg,WhatsApp Chat with Self,59364
2025-08-04 10:30:09,2025-01-03 17:52:30,IMG-20240407-WA0002.jpg,WhatsApp Chat with Self,47215
2025-08-04 10:30:09,2025-01-03 17:52:30,IMG-20230923-WA0006.jpg,WhatsApp Chat with Self,55238
2025-08-04 10:30:09,2025-01-03 17:52:30,IMG-20230923-WA0004.jpg,WhatsApp Chat with Self,70833
2025-08-04 10:30:09,2025-01-03 17:52:30,IMG-20230622-WA0000.jpg,WhatsApp Chat with Self,87388
2025-08-04 10:30:09,2025-01-03 17:52:30,IMG-20230718-WA0005.jpg,WhatsApp Chat with Self,51369
2025-08-04 10:30:09,2025-01-03 17:52:30,IMG-20230923-WA0005.jpg,WhatsApp Chat with Self,77835
2025-08-04 10:30:09,2025-01-03 17:52:30,IMG-20230923-WA0001.jpg,WhatsApp Chat with Self,59901
2025-08-04 10:30:09,2025-01-03 17:52:30,IMG-20241107-WA0004.jpg,WhatsApp Chat with Self,180856
2025-08-04 10:30:08,2025-01-03 17:52:30,IMG-20241222-WA0001.jpg,WhatsApp Chat with Self,98761
2025-08-04 10:30:09,2025-01-03 17:52:30,IMG-20230722-WA0001.jpg,WhatsApp Chat with Self,53255
2025-08-04 10:30:09,2025-01-03 17:52:30,IMG-20230923-WA0002.jpg,WhatsApp Chat with Self,111111
2025-08-04 10:30:09,2025-01-03 17:52:30,IMG-20240516-WA0002.jpg,WhatsApp Chat with Self,102569
2025-08-04 10:30:09,2025-01-03 17:52:30,IMG-20230923-WA0003.jpg,WhatsApp Chat with Self,76321
2025-08-04 10:30:09,2025-01-03 17:52:30,IMG-20230925-WA0005.jpg,WhatsApp Chat with Self,99206
2025-08-04 10:30:09,2025-01-03 17:52:30,IMG-20241115-WA0004.jpg,WhatsApp Chat with Self,96537
2025-08-04 10:30:09,2025-01-03 17:52:30,IMG-20230410-WA0003.jpg,WhatsApp Chat with Self,67566
2025-08-04 10:30:09,2025-01-03 17:52:30,IMG-20241115-WA0005.jpg,WhatsApp Chat with Self,96152
2025-08-04 10:30:09,2025-01-03 17:52:30,IMG-20240422-WA0000.jpg,WhatsApp Chat with Self,79632
2025-08-04 10:30:09,2025-01-03 17:52:30,IMG-20230724-WA0000.jpg,WhatsApp Chat with Self,144989
2025-08-04 10:30:09,2025-01-03 17:52:30,DOC-20240519-WA0010.zip,WhatsApp Chat with Self,805
2025-08-04 10:30:09,2025-01-03 17:52:30,IMG-20230616-WA0001.jpg,WhatsApp Chat with Self,131730
2025-08-04 10:30:09,2025-01-03 17:52:30,IMG-20241115-WA0003.jpg,WhatsApp Chat with Self,127378
2025-08-04 10:30:09,2025-01-03 17:52:30,IMG-20241208-WA0001.jpg,WhatsApp Chat with Self,52475
2025-08-04 10:30:09,2025-01-03 17:52:30,IMG-20241211-WA0007.jpg,WhatsApp Chat with Self,57336
2025-08-04 10:30:09,2025-01-03 17:52:30,IMG-20230723-WA0000.jpg,WhatsApp Chat with Self,157274
2025-08-04 10:30:09,2025-01-03 17:52:30,IMG-20241028-WA0005.jpg,WhatsApp Chat with Self,83410
2025-08-04 10:30:09,2025-01-03 17:52:30,IMG-20230815-WA0004.jpg,WhatsApp Chat with Self,63060
2025-08-04 10:30:09,2025-01-03 17:52:30,IMG-20230626-WA0006.jpg,WhatsApp Chat with Self,45240
2025-08-04 10:30:09,2025-01-03 17:52:30,IMG-20240420-WA0000.jpg,WhatsApp Chat with Self,87422
2025-08-04 10:30:09,2025-01-03 17:52:30,IMG-20241025-WA0003.jpg,WhatsApp Chat with Self,102256
2025-08-04 10:30:09,2025-01-03 17:52:30,IMG-20240708-WA0005.jpg,WhatsApp Chat with Self,89280
2025-08-04 10:30:09,2025-01-03 17:52:30,IMG-20230815-WA0003.jpg,WhatsApp Chat with Self,48008
2025-08-04 10:30:09,2025-01-03 17:52:30,IMG-20241031-WA0006.jpg,WhatsApp Chat with Self,87868
